"","predicate","response"
"1","big",0.806315789473684
"2","blue",0.449444444444444
"3","broff",0.295333333333333
"4","glab",0.379047619047619
"5","green",0.456818181818182
"6","kolch",0.028
"7","lann",0.1125
"8","muic",0.328181818181818
"9","physs",0.06
"10","plach",0.461333333333333
"11","red",0.476
"12","scrib",0.290555555555556
"13","small",0.823030303030303
"14","yunt",0.26
