"","predicate","response"
"1","big",0.8241
"2","blue",0.757102803738318
"3","cref",0.289122807017544
"4","green",0.745241935483871
"5","lann",0.289631147540984
"6","muic",0.274251012145749
"7","olm",0.317871485943775
"8","red",0.784959349593496
"9","small",0.825449735449735
"10","twell",0.327309236947791
